{
    "textures": {
        "gui": "custom/gui"
    },
    "gui_light": "front",
    "elements": [
        {
            "from": [
                0,
                0,
                8
            ],
            "to": [
                16,
                16,
                -8.000000000000002
            ],
            "faces": {
                "south": {
                    "uv": [
                        0,
                        0,
                        4,
                        4
                    ],
                    "texture": "#gui"
                }
            },
            "rotation": {
                "origin": [
                    0.20215588877976712,
                    1.2226605078741517,
                    -8.000000000000002
                ],
                "axis": "z",
                "angle": 22.5
            }
        },
        {
            "from": [
                0,
                0,
                8
            ],
            "to": [
                16,
                16,
                -8.000000000000002
            ],
            "faces": {
                "south": {
                    "uv": [
                        0,
                        4,
                        4,
                        8
                    ],
                    "texture": "#gui"
                }
            },
            "rotation": {
                "origin": [
                    40.42087182578655,
                    9.222660507874153,
                    -8.000000000000002
                ],
                "axis": "z",
                "angle": 22.5
            }
        },
        {
            "from": [
                0,
                0,
                8
            ],
            "to": [
                16,
                16,
                -8.000000000000002
            ],
            "faces": {
                "south": {
                    "uv": [
                        0,
                        8,
                        4,
                        12
                    ],
                    "texture": "#gui"
                }
            },
            "rotation": {
                "origin": [
                    80.63958776279333,
                    17.222660507874153,
                    -8.000000000000002
                ],
                "axis": "z",
                "angle": 22.5
            }
        },
        {
            "from": [
                0,
                0,
                8
            ],
            "to": [
                16,
                16,
                -8.000000000000002
            ],
            "faces": {
                "south": {
                    "uv": [
                        0,
                        12,
                        4,
                        16
                    ],
                    "texture": "#gui"
                }
            },
            "rotation": {
                "origin": [
                    120.8583036998001,
                    25.22266050787415,
                    -8.000000000000002
                ],
                "axis": "z",
                "angle": 22.5
            }
        },
        {
            "from": [
                0,
                0,
                8
            ],
            "to": [
                16,
                16,
                -8.000000000000002
            ],
            "faces": {
                "south": {
                    "uv": [
                        4,
                        0,
                        8,
                        4
                    ],
                    "texture": "#gui"
                }
            },
            "rotation": {
                "origin": [
                    -7.79784411122023,
                    41.44137644488094,
                    -8.000000000000002
                ],
                "axis": "z",
                "angle": 22.5
            }
        },
        {
            "from": [
                0,
                0,
                8
            ],
            "to": [
                16,
                16,
                -8.000000000000002
            ],
            "faces": {
                "south": {
                    "uv": [
                        4,
                        4,
                        8,
                        8
                    ],
                    "texture": "#gui"
                }
            },
            "rotation": {
                "origin": [
                    32.42087182578655,
                    49.441376444880945,
                    -8.000000000000002
                ],
                "axis": "z",
                "angle": 22.5
            }
        },
        {
            "from": [
                0,
                0,
                8
            ],
            "to": [
                16,
                16,
                -8.000000000000002
            ],
            "faces": {
                "south": {
                    "uv": [
                        4,
                        8,
                        8,
                        12
                    ],
                    "texture": "#gui"
                }
            },
            "rotation": {
                "origin": [
                    72.63958776279333,
                    57.44137644488093,
                    -8.000000000000002
                ],
                "axis": "z",
                "angle": 22.5
            }
        },
        {
            "from": [
                0,
                0,
                8
            ],
            "to": [
                16,
                16,
                -8.000000000000002
            ],
            "faces": {
                "south": {
                    "uv": [
                        4,
                        12,
                        8,
                        16
                    ],
                    "texture": "#gui"
                }
            },
            "rotation": {
                "origin": [
                    112.85830369980013,
                    65.44137644488093,
                    -8.000000000000002
                ],
                "axis": "z",
                "angle": 22.5
            }
        },
        {
            "from": [
                0,
                0,
                8
            ],
            "to": [
                16,
                16,
                -8.000000000000002
            ],
            "faces": {
                "south": {
                    "uv": [
                        8,
                        0,
                        12,
                        4
                    ],
                    "texture": "#gui"
                }
            },
            "rotation": {
                "origin": [
                    -15.797844111220229,
                    81.66009238188772,
                    -8.000000000000002
                ],
                "axis": "z",
                "angle": 22.5
            }
        },
        {
            "from": [
                0,
                0,
                8
            ],
            "to": [
                16,
                16,
                -8.000000000000002
            ],
            "faces": {
                "south": {
                    "uv": [
                        8,
                        4,
                        12,
                        8
                    ],
                    "texture": "#gui"
                }
            },
            "rotation": {
                "origin": [
                    24.420871825786556,
                    89.66009238188772,
                    -8.000000000000002
                ],
                "axis": "z",
                "angle": 22.5
            }
        },
        {
            "from": [
                0,
                0,
                8
            ],
            "to": [
                16,
                16,
                -8.000000000000002
            ],